song_id,title,专辑,歌词,歌曲简介,发行时间,歌手
1,安娜的橱窗,安娜的橱窗,"安娜的橱窗 - 封茗寰 (Mandy Sa)

词：著小生（半木生）

曲：著小生（半木生）

编曲：洛劫（半木生）

策划：著小生（半木生）

文案：著小生（半木生）

混音：April平果（半木生）

曲绘：tower０６/透子

视频：宇言（半木生）

海报/封面：晴纸（半木生）

出品：半木生工作室

马车在奔跑

面具拉扯嘴角

月色拉开无人篇章

高傲笼中鸟

囚禁舞台中央

如同马戏开场

神赐予她金色长发

却无人走近触碰它

与众不同高贵模样

吸引目光

传说黑夜十二点魔法

能听见人偶说话

她们祈祷善意的愿望

颤抖着残肢躯架

禁锢冰冷无心的镣铐

被吞噬温暖心脏

仅剩一隅无助在求饶

贪婪仅剩拥抱

灼热的思绪膨胀

翻涌迷惘填充幻想

偏执也蚕食孤傲

躯壳寻找遗失心跳

妄想挣扎于囚牢

黑夜笼罩这座冰窖

消磨光阴与希望

带着微笑

马车在奔跑

面具拉扯嘴角

月色拉开无人篇章

高傲笼中鸟

囚禁舞台中央

如同马戏开场

神赐予她耀眼光芒

无人察觉神情哀伤

双手交叠握在冰冷

洁白洋装

传说黑夜十二点魔法

能听见人偶说话

她们并未抱怨着伤疤

只渴望痊愈结痂

挣扎所剩无几的力量

嘶哑呜咽中退场

是否记得床边的娃娃

现在流浪何方

夜色沾染黑暗魔法呼唤苏醒的娃娃

来最后跳一支悲伤优雅舞蹈就散场

别再固执等待迷惘消磨时光和希望

安睡吧回到过去

梦中有家

传说黑夜十二点魔法

能听见人偶说话

她们并未抱怨着伤疤

只渴望痊愈结痂

挣扎所剩无几的力量

嘶哑呜咽中退场

是否记得床边的娃娃

现在流浪何方

夜色沾染黑暗魔法呼唤苏醒的娃娃

来最后跳一支悲伤优雅舞蹈就散场

别再固执等待迷惘消磨时光和希望

安睡吧回到过去

梦中有家

","专辑：安娜的橱窗

歌手：封茗寰

流派：POP流行

语言：国语

唱片公司：独立发行

唱片类型：Single",2018/2/11,封茗寰
2,白日造梦,白日造梦,"我能想到关于她最特别的形容

计划着让全世界停电十三分钟

绕八条街也甘愿去看一场霓虹

一整个宇宙倒映在她的瞳孔

地下通道下一秒雨水都往上涌

这情节像是漫画的衍生

连心跳也失重

脚下是风在不协调飞奔追凶

想象中目光在风里交锋

直到双方失控在这陌生的时空

她抬手竖起食指示令我噤声

雨后只留我在夜色之中

看着倒在床头不清醒的闹钟

在谁耳边造梦

有些想法奇妙到连自己都不懂

纵身跃入薄荷酒等飞鸟被惊动

坐在窗台上数着映照落日的红

可惜她并不在四十四次之中

冰块搅动下一秒两颗气泡相碰

注定发生一场怦然心动

对话随机生成

无尽的雨水束缚在语言之中

所有的回应由呼吸构成

谁能无动于衷在这陌生的时空

她抬手竖起食指示令我噤声

雨后只留我在夜色之中

看着倒在床头不清醒的闹钟

在谁耳边造梦

-完-

","专辑：白日造梦

歌手：封茗寰

流派：POP流行

语言：国语

唱片公司：独立发行

唱片类型：Single

专辑简介：

白日造梦



策词：哲拉特瑞特



作编：吴行



歌手：封茗寰



混音：东京泥棒TOUKYOUDORO



曲绘：望之丘



美工：五声



视频：小藕花儿",2022/10/13,封茗寰
3,朦胧,朦胧,"作词 : 惊蛰



作曲 : 赵倘若



编曲 : 卡其漠



制作人 : 王相如







远方山色翩若惊鸿



明眸皓齿惹人心动



俏脸上留一抹桃红



冰雪也在指尖消融



烟火绚烂



点亮灯笼



桃树下写



我的情衷



古桥 流水 繁花 笑容



只为寻得一个善终







今晚夜色



扑朔迷离般朦胧



乱花渐渐



迷了眼睛千万种



缘是那风



扰得人芳心已动



去年酒中



月影流光舞青龙







心事重重



脚步匆匆



红鸾星动



情根深种



千山 万水 与你 相逢



只为寻得一个善终







今晚夜色



扑朔迷离般朦胧



乱花渐渐



迷了眼睛千万种



缘是那风



扰得人芳心已动



去年酒中



月影流光舞青龙







今晚夜色



扑朔迷离般朦胧



乱花渐渐



迷了眼睛千万种



缘是那风



扰得人芳心已动



去年酒中



月影流光舞青龙







今晚夜色



扑朔迷离般朦胧



乱花渐渐



迷了眼睛千万种



缘是那风



扰得人芳心已动



去年酒中



月影流光舞青龙",《朦胧》由封茗寰倾情演唱，甜美古风女声扰动众人芳心。“今晚夜色，扑朔迷离般朦胧，乱花渐渐，迷了眼睛千万种。”在桃花树下写就心中暗生的情愫，任由落花轻抚我躁动的心。月影流光，暗香浮动，晚风吹拂之时，猛然发现红鸾星动，对你的情根早已深种。,2022/9/8,封茗寰
4,旧颜,旧颜,"旧颜 (《虚颜》网剧片尾曲) - 封茗寰/音药配方

词：鱼轻沐/柚世

曲：９７

编曲：王希凡

混音：防滑酱

制作人：磊SIR

策划：鱼轻沐

出品：音药配方

联合策划：酷狗音乐国风新语

惊鸿遇 泛起涟漪

那一笔 落下心悸

或许命里交织成期许

重逢后 容颜两异

命交错 一段红绸

虚梦中 依稀眼眸

几番更迭 颠沛过心舟

泪海泊于你身后

借大梦人间一春秋

别后可认我眼眸

画不完爱恨情仇

痴怨旧恨如星宿

寥寥人间走一走

携壶相思酿做酒

容颜易换 心依旧

独我白头

命交错 一段红绸

虚梦中 依稀眼眸

几番更迭 颠沛过心舟

泪海泊于你身后

借大梦人间一春秋

别后可认我眼眸

画不完爱恨情仇

痴怨旧恨如星宿

寥寥人间走一走

携壶相思酿做酒

容颜易换 心依旧

独我白头

我同明月来邀杯酒

叹浮生却惊鸿囚

话不尽夙愿闲愁

星河倒流倾北斗

一念淌过月浓稠

愿与卿相守忘忧

笛声吹落梨花后

故人回首

","2022年芒果tv古装短剧《虚颜》片尾曲



【联合策划：酷狗音乐国风新语】",2022/7/30,封茗寰 / 音药配方
5,慢镜头,慢镜头,"作词 : 陈斯瑞ChansReal



作曲 : 陈斯瑞ChansReal



编曲 : LJC



制作人 : LJC



时钟不停摇晃 带走了一切



多想逆流而上再回到从前



不得不站在风口浪尖 得不到的永远



对失去过的说声抱歉



再见要比你好难说出口



舍不得还给你自由



好像没有借口



能让裂缝浅一些



还剩多少时间



浪费在了无言



挽留的话就停止在嘴边



tik tok tik tok tik



找不回的笑脸



tik tok tik tok tik



用不完的胶卷



多年以后 仍想念依旧



就算被带走一切 没忘记你的容颜



tik tok tik tok tik



来不及说抱歉



tik tok tik tok tik



还没说声再见



你已走远 追不上的时间



被锁在另个平行世界



你曾经比太阳要暖的多



温柔像风拂过



穿透冰冷的我



让我陷入爱的漩涡



后来你在闪躲



让我受尽折磨



甜蜜的毒苹果



侵蚀身体每个角落



想听你解释 解释又像掩饰



为什么狡辩



总质疑你的我比你更让自己讨厌



爱的越强烈 相隔越遥远



越来越偏离了交点



tik tok tik tok tik



静静看着你走



tik tok tik tok tik



没留下你的理由



多年以后 仍想念依旧



就算被带走一切 没忘记你的容颜



tik tok tik tok tik



来不及说抱歉



tik tok tik tok tik



还没说声再见



你已走远 追不上的时间



被锁在另个平行世界



被锁在 被锁在 被锁在



另个 平行世界



和声 : 封茗寰



混音 : CY



和声编写 : 2-Y



母带 : CY



出品 : 炙热星河



【未经著作权人许可，不得以任何方式使用】","高考结束，踏进属于你的毕业季！

多年以后，仍想念依旧

就算被带走一切，没忘记你的容颜",2022/6/25,封茗寰
6,你是我的我的世界,你是我的我的世界,"作词： Ala/ Ocd



作曲： Ala



出品：网易子弹



歌曲来自【云味说唱企划】



你是我的我的我的我的世界







陪我多度几个日夜



你是我一半的世界



角落的灯已经熄灭



回忆在被褥里撕裂



滚烫的滚烫的夏天



吻像那热闹的器乐



幻想在现实中破灭



撞进你温柔里好像蜜月



跟你在一起我没考虑后果



我不是游戏角色可以无限复活



时间过的久了激情都减弱



给你发信息回复都充斥冷漠



你只是多了一个人



多了一个家



多了一朵无需精心呵护不起眼的花



只是多了一份情



多了份关心



多了个人陪你玩游戏你不再是单机







你只顾玩乐只顾潇洒只顾你自己的感受不顾我情绪低压



你只会喊饿不想自己尴尬毫不关心我还给我增添新的伤疤







说白了你也只是怕输不想我赢



刚迈进情河又踏出你害怕深情



被以往经验灌输 不相信真心



爱情它来的时候你听不到声音



明明就狠狠狠爱过明明眼里都是我



命运偏困困困困住我命运也嫉妒我



你是我一半的世界



角落的灯已经熄灭



回忆在被褥里撕裂



滚烫的滚烫的夏天



你说“喜欢你是真的 牵着手牵着就松了



你说从没有过跟你在一起这样快乐”



我的时间你拿走 你是杀时间的凶手



给你那么多的自由你拿着它来杀我



看不见的血不代表伤害没有发生



是我根本不在意你就别夸我天真



我满心担忧看着我的喜怒和哀乐



不能被不爱我的人肆意嬉弄加深



明明就狠狠狠爱过明明眼里都是我



命运偏困困困困住我命运也嫉妒我



你已不是我的世界



角落的灯随意熄灭



回忆在被褥里忘却



滚烫的滚烫的夏天



曾是我的我的我的我的世界



你曾是我的我的我的我的世界



我的世界



制作人: Ocd



企划： Ocd



统筹：柯安雨/陈亦心



监制： lil老王/镜千



出品人：如风



编曲: MOONVIBE



混音：N1KKN1","封茗寰，网络人气二次元唱见，正在努力成为高质量一体机=x= .代表作品有《芳华慢》《东京不太热》《干物女》。其声线独特，传递着抚慰人心的力量。此次携手网易子弹工作室共同推出单曲《你是我的我的世界》，送给正和过去告别的所有人。



“曾我のY 是ωo ①半の时间



bb僦狠狠āì 过 可靡巡肥禽の世界”



滚烫夏天的灼伤感，是你曾是我世界的印记。寒来暑往，秋收冬藏，时间会冲淡所有爱恨与遗憾。



你曾是我的世界，你已不是我的世界。",2022/6/1,封茗寰
7,姑娘请留步,姑娘请留步,"演唱：封茗寰

和声：封茗寰

作词：不贰

作曲：钴蓝

编曲：洛劫

曲绘：粑汁四溅

制作人：千月兔

出品：QQ 音乐・国风集

视频：谬论

荷花初绽泛起涟漪一圈圈

先生教书手拿戒尺念诗文

灯烛摇曳少年郎才寒窗问

这世间女子可像她

眉眼皆如画也曾素手娴媚笑

我乃一介书生怎知你情深

姑娘留步请问芳龄有几许

记得吗我藏在扇底的谜语

你合扇去回眸莞尔一笑

说别来无恙可上公子心头

姑娘留步请问芳龄有几许

提笔写窈窕淑女君子好逑

你折扇来不问此句何意

我满腹经纶可却难以言表

又是一年江南烟雨朦胧中

那断桥边曾撑伞的姑娘啊

亭亭玉立我该如何落笔呢

拜谢了桃花谁来等

将折扇而赠晚来夜雨十二年

我乃一介书生怎知你情深

姑娘留步请问芳龄有几许

记得吗我藏在扇底的谜语

你合扇去回眸莞尔一笑

说别来无恙可上公子心头

姑娘留步请问芳龄有几许

提笔写窈窕淑女君子好逑

你折扇来不问此句何意

我满腹经纶可却难以言表

","姑娘留步，请问芳龄有几许？



听我唱歌的大家都几岁啦~",2022/3/13,封茗寰
8,冬至已至,冬至已至,"冬至已至 - 封茗寰

词：千月兔

曲：小宇Cosmos

编曲：卡其漠

和声：封茗寰

吉他：大牛

混音：珊瑚

曲绘：瞳LoksT

出品：QQ音乐・国风集

视频：步杨

有雪牵着艳阳跑

伞下一步一摇

幻化的姑娘娇俏

摘朵梅花鬓角招摇

大小寒为时过早

北风不停叫嚣

唱出的歌不成调

得快点寻处烟火味道

打更人铜锣一敲

枝头薄雪闪了腰

埋下的烦恼管多少

大黄好个叫

伸个懒腰等一个今宵

汤圆水饺在锅里嬉闹

烛光月光刻在谁心底眉梢

镜中月水中花她非她

捧一杯凉茶

冬至到絮叨着芳华只一刹

有雪别过艳阳照

伞外笑声叨扰

姑娘喃喃着好巧

指向东边炊烟袅袅

她哼着古老歌谣

身姿晶莹曼妙

当下岁月正好

逗别了淘气的三花猫

打更人铜锣一敲

枝头薄雪闪了腰

埋下的烦恼管多少

大黄好个叫

伸个懒腰等一个今宵

汤圆水饺在锅里嬉闹

烛光月光刻在谁心底眉梢

镜中月水中花她非她

捧一杯凉茶

冬至到絮叨着芳华只一刹

伸个懒腰等一个今宵

汤圆水饺在锅里嬉闹

烛光月光刻在谁心底眉梢

镜中月水中花她非她

捧一杯凉茶

冬至到絮叨着芳华只一刹

伸个懒腰等一个今宵

汤圆水饺在锅里嬉闹

烛光月光刻在谁心底眉梢

镜中月水中花她非她

捧一杯凉茶

冬至到絮叨着芳华只一刹

",冬至啦，你吃饺子子还是汤圆？,2021/12/21,封茗寰
9,猫尾草,猫尾草,"作词：纱朵、千月兔

作曲：灰色

编曲：李冲

演唱：封茗寰

和声：封茗寰

混音：珊瑚

曲绘：白秋

出品：QQ音乐・国风集

视频：步杨

小妹妹抱着布娃娃

跳房子踩水洼

跑山上沿路摘野花

小胖橘陪着她

院儿里住着小鸡小鸭

一群群走过大桥下

外婆做饭外公煮茶

晚饭喊我回家

啊蝉儿蝉儿在吵架

啊池塘跳过小青蛙

郎对花姐对花

一对对到了田埂下

田埂下全是油菜花

还有小猫摇尾巴

郎对花呀姐对花

一对对到了田埂下

扯根猫尾草送你呀

编个戒指我们过家家

小妹妹哄着布娃娃

雷雨天别害怕

看彩虹远远天边挂

小胖橘长大啦

蒲公英飞啊飞去天涯

落在田野安了家

野菜野花山下树下

熟透的大西瓜

啊雁儿雁儿飞走啦

啊猫咪日常磨爪爪

郎对花姐对花

一对对到了田埂下

田埂下全是油菜花

还有小猫摇尾巴

郎对花呀姐对花

一对对到了田埂下

扯根猫尾草送你呀

编个戒指我们过家家

郎对花姐对花一对对田埂下

小猫懒懒摇着尾巴

转眼间放学啦踩落叶吱呀呀

拉着手手光脚丫

小妹妹突然间长大

不再玩布娃娃

走过桥赏一刻晚霞

数着第几群鸭

墙上壁虎小院篱笆

后山的风吹得潇洒

毛茸茸的像猫尾巴

漫山开满野花

开的是什么花

",你瞧，山下的野花又开了，橘猫摇着尾巴在等你回去看呢。,2021/11/26,封茗寰
10,小嫦娥和小月兔,小嫦娥和小月兔,"小嫦娥和小月兔 (『锦上添你』系列０１) - hanser/封茗寰

词：封茗寰/千月兔

曲：封茗寰

编曲：洛劫

和声：封茗寰×Hanser

混音：珊瑚

曲绘：瞳

视频：催归

制作人：千月兔

企划：『锦上添你』系列０１

联合发行：QQ音乐・国风集

月兔：

时辰尚早

嫦娥：

携手出逃

月兔：

天上宫阙

嫦娥：

世间万象

月兔：

夜市

嫦娥：

人潮

合：

熙熙攘攘凑热闹

嫦娥：

二十四桥明月满

嫦娥：

天外别有江山

嫦娥：

观潮 燃灯 猜谜不晚

月兔：

小和尚一心修禅

月兔：

今儿个早早下山

月兔：

提俗世一盏 饮杯清淡

嫦娥：

他都不能吃肉嘛

嫦娥：

风卷 花前 公子好个摇扇

月兔：

这是在演杂耍么

嫦娥：

顾盼流连 下次何时再见

月兔：

时辰尚早

嫦娥：

携手出逃

月兔：

天上宫阙

嫦娥：

世间万象

月兔：

夜市

嫦娥：

人潮

合：

熙熙攘攘凑热闹

嫦娥：

烟雨行船

月兔：

一色潋滟

嫦娥：

花灯祈愿

月兔：

许下团圆

合：

赏花赏月赏你

合：

赏此夜不记归期

月兔：

何求知己相逢晚

月兔：

萍水侃侃而谈

玉兔：

唇角 眉间 兴致正酣

月兔：

豆沙馅的最好吃啦

嫦娥：

百岁无忧多清欢

嫦娥：

盛世一如从前

嫦娥：

妙舞寻轻歌 烟花漫漫

月兔：

哇 好漂亮的烟花

月兔：

聊个 新鲜 一宿留宿人间

月兔：

说道今日那少年郎啊 他

嫦娥：

嗯 怎么脸红啦

月兔：

计较个与谁并肩 共长河日月

月兔：

他

月兔：

时辰尚早

嫦娥：

携手出逃

月兔：

天上宫阙

嫦娥：

世间万象

月兔：

夜市

嫦娥：

人潮

合：

熙熙攘攘凑热闹

嫦娥：

烟雨行船

月兔：

一色潋滟

嫦娥：

花灯祈愿

月兔：

许下团圆

合：

赏花赏月赏你

合：

赏此夜不记归期

嫦娥：

喜欢这里吗

月兔：

喜欢

嫦娥：

别光顾着玩 明天回去还要捣药呢

月兔：

捣年糕行不行呀

嫦娥：

就知道吃

月兔：

嘻嘻 哇 快看那边

月兔：

时辰尚早

嫦娥：

携手出逃

月兔：

天上宫阙

嫦娥：

世间万象

月兔：

夜市

嫦娥：

人潮

合：

熙熙攘攘凑热闹

嫦娥：

烟雨行船

月兔：

一色潋滟

嫦娥：

花灯祈愿

月兔：

许下团圆

合：

赏花赏月赏你

合：

赏此夜不记归期

","『锦上添你』系列一共12首歌，均有两位歌手携手演唱，是一个不会孤单且含糖量极高，就算刀片也恨不起来的心动企划！



歌手及歌曲风格会实时更新，目前已知参与歌手有封茗寰、Hanser、三无Marblue、洛少爷、景向谁依、倒霉死勒等，我们会持续更新哒！



从9月20日开始，每10天一首，快乐持续到过年！（其实是制作慢……）敬请期待吧！



『锦上添你』系列02――《盗》，9月30日发布！



小嫦娥和小月兔



演唱/和声：Hanser×封茗寰



作词：封茗寰×千月兔



作曲：封茗寰



混音：珊瑚



曲绘：白秋



视频：催归



制作人：千月兔



企划：『锦上添你』系列01



联合发行：QQ音乐・国风集",2021/9/20,hanser / 封茗寰
11,戏文姑娘,戏文姑娘,"作词：不贰

作曲：钴蓝

编曲：钴蓝

演唱：封茗寰

和声：封茗寰

笛子：吹着恶魔的笛子

混音：Mr.曾经

曲绘：瞳

策划：千月兔

出品：QQ音乐・国风集

古筝：虞儿

视频：谬论Zero 

翩落杏花雨外过了幕城关

又游灯人间是葳蕤的韶华

酌烈的酒在小炉旁一温

长风倚伴松间独坐而观

载酒听鹂应黄昏后如欢

那提着花篮的姑娘啊娓娓道来

说那年风月婉转的缠绵

梦中雁成双与我相关

辞来薄他事眉间了朱砂

与杯酒撞了个尘世呀迟迟未敢

泠泠如眉霜凝眸待千山

一只朱凤钗悄然入畔

是梦亦或不梦谁遗留的最后一许情

你误入墨笔的一幅画宣纸编写的戏文

是眉间心上的客在自撰的桥段中不忍看

就在这上元佳节时候

一瞥惊鸿一青衫

灯烛盼盼当真悔是不悔

再戏人间年华都留不住

等或不等终究成了谜语

长风倚伴松间煮茶而观

载酒听鹂应黄昏后如欢

那手持书卷的姑娘啊娓娓道来

说那年花开越世间辗转

梦中人惊醒悄然落幕

辞来薄他事眉间了朱砂

与杯酒撞了个尘世呀迟迟未敢

泠泠如眉霜凝眸待千山

一尾鱼入图开场分明

是梦亦或不梦谁遗留的最后一许情

你误入墨笔的一幅画宣纸编写的戏文

是眉间心上的客在自撰的桥段中不忍看

就在这上元佳节时候

一瞥惊鸿一青衫

-完-

",杏花雨外，游鱼入图，小酒温温，当下韶华，姑娘款款而至，却不知早已入了戏文。,2021/9/10,封茗寰
12,半截情诗,半截情诗,"半截情诗 - 封茗寰 (Mandy Sa)

词：箐郅

曲：槿婉/顾我

编曲：AnQy/綦枫

策划：箐郅

混音：珊瑚

美工：青柠

题字：陈相止

曲绘：一止小太/蚊子

特别鸣谢：流月

人声demo：顾我

PV：斯是梨花

天晴适合和你聊天

多云该和你见面

雨天要跟你抱怨

无休的阴雨绵绵

初春应该拍些照片

秋日要尝尝海鲜

冬天想和你分享

第一片落下的雪

清晨和你憧憬明天

傍晚要学会告别

深夜要跟你互道

晚安换一夜好眠

节日给你惊喜瞬间

平时要立足当前

生日要给你礼物

告诉你你最特别

一字一句精挑细选

怕你厌倦又怕讨了嫌

偏又忍不住试探连连

只剩下炽烈眉眼

痴心妄想和你有些牵连

与你有关的一切我都想要了解

心事在字里行间隐藏得太明显

小心翼翼窥测那些流言

至于你没说的那些

权当过去留个纪念

开心的事和你共勉

趣事更无需遮掩

偶尔你的难过

也总想为你分担些

醒来想要你在身边

梦里能持续相见

能在一起的时间

我不想浪费一点

每分每秒心照不宣

怕你忽略又怕你发现

就当我不留退路坦言

喜欢你何止一点

梦境之间多余那些腼腆

兵荒马乱那些年由我独自出演

你眉目间的疲倦我躁动的想念

无声质问我要如何保全

你把晚安挂在嘴边

我只对你说明天见

你是我写下的情诗半截

给我勇气和决绝度过每个长夜

也写你温柔眉眼和你宽阔的肩

欲言又止而后止又欲言

这首歌的言语之间

你的身影忽隐忽现

纵然世间总是善变

我想和你看看永远

","半截情诗



策划：箐郅



作词：箐郅



作曲：槿婉、顾我



编曲：AnQy、綦枫



人声demo：顾我



演唱：封茗寰



混音：珊瑚



美工：青柠



题字：陈相止



曲绘：一止小太、蚊子



PV：斯是梨花



特别鸣谢：流月",2021/4/9,封茗寰
13,诗里度此生,诗里度此生,"诗里度此生 - 封茗寰 (Mandy Sa)

词：徽敏瑶

曲：著小生zoki

编曲：王景lxq

后期：珊瑚

曲绘：大哈

视频：灯灯

监制：千月兔

起笔就写十岁的你

最喜欢偷偷爬上屋顶

望着漫天 闪烁的星星

第二段写二十岁的你

游走在城市每个角落里

用镜头捕捉每一帧风景

时光 快进 匆匆地

掠过青春尾翼

草率地 在纸上又抹了浓墨重彩

几笔

那些年里 你追过梦想

也虚度了光阴

勇敢爱过没什么可惜

这一生 你走过的漫长轨迹

每一步 都化作几行诗句

流淌着 闪光回忆

你比所有诗篇 美丽 hey

Wow yeah

四十岁你日程太挤

最喜欢和家人在一起

用心记录 生活的点滴

结尾适合写人生追忆

八十岁回望此生的旅行

微笑着写下诗的最终句

时光 快进 匆匆地

流过沙漏缝隙

别忘给 这些经历串上最精巧的

伏笔

那些年里 你追过梦想

也虚度了光阴

勇敢爱过没什么可惜

这一生 你走过的漫长轨迹

每一步 都化作几行诗句

流淌着 闪光回忆

你比所有诗篇 美丽 hey

Wow yeah

这一生 你走过的漫长轨迹

每一步 都化作几行诗句

流淌着 闪光回忆

你比所有诗篇 美丽 hey

Wow yeah

","在一首诗里过完一生



时光 快进 匆匆地 流过沙漏缝隙



别忘给 这些经历串上最精巧的 伏笔



那些年里 你追过梦想 也虚度了光阴



勇敢爱过没什么可惜



这一生 你走过的漫长轨迹



每一步 都化作几行诗句



流淌着 闪光回忆



你比所有诗篇 更美丽",2020/10/4,封茗寰
14,月凉画梦,月凉画梦,"月凉画梦 - 封茗寰 (Mandy Sa)

词：著小生zoki

曲：著小生zoki

策划：著小生zoki（半木生）

编曲：洛劫（半木生）

和声：封茗寰

后期：贼恩

曲绘：豆浆桑

视频：浮（半木生）

题字：一叶清川

出品：半木生工作室

明月将风笼罩

蝉鸣声声催人老

墙外那一汪 映入窗前的荷塘

顾盼涟漪匆匆而过

殊不知今夜还是如昨

星子手中落

为他点一盏 不灭灯火

那些青丝都染上露霜

等待季节含苞待放

为我拢彻夜不眠的微凉

时光带不走这满庭月光

带不走这一室芬芳

却终不见年华

任四季更迭流转

有你的梦不会短

曾以为天真都付诸过往

可今夜 才发现夜微凉

雁归何时入了秋

只字片刻落了愁

烛火还未瘦 却叫人熏了泪流

将寄托焚烧于火

泛黄着被谁戳破

心上的枯柳 任风吹雨后

终也成舟

恍若皎皎月圆空悠悠

将一池光拂满衣袖

尘封韶华惊扰何人旧梦

时光猜不透这身影落寞

猜不透这岁月如梭

徒留回忆淡泊

任四季更迭流转

有你的梦不会短

曾以为天真都付诸过往

可今夜 才发现夜微凉

","专辑：月凉画梦

歌手：封茗寰

语言：国语

唱片公司：独立发行

唱片类型：Single",2020/7/11,封茗寰
15,未赌,未赌,"未赌 - 封茗寰

词：阎苏

曲：a云

策划：阎苏

监制：妖旋宝

编曲：小梦

混音：小涵

题字/海报：长安

（未经许可,不得翻唱或使用）

风起 云涌

河山二字沉重

未央储字定而谋动

三千狼烟叩响天穹

输之风月当不输英勇

生死开怀也抵从容

怎敢生死与共

是谁长亭古道外一见惊鸿

梦里三千岁月细数故事匆匆

一介俗人当择拥兵自重

豪赌九州做场枭雄

览诗千万尚不能形容

一刹惊鸿一刻生死相拥

独我偏爱你眼瞳

于万千人海中

一眼最惊鸿

山水 葱茏

万里云空任纵

拾阶未央取自从容

忠义血火问鼎苍穹

输之少年当不输孤鸿

万人之上才是始终

已赴人间惊鸿

情不知所起也应不知所终

从无双全法应你我情根深种

既是风雅当江湖无再逢

从此前尘俱焚一空

再赌平生也不复从容

一戏开场一幕转瞬成风

哪敢赴情深意重

若流芳千古颂

仍你最惊鸿

是谁长亭古道外一见惊鸿

梦里三千岁月细数故事匆匆

一介俗人当择拥兵自重

豪赌九州做场枭雄

览诗千万尚不能形容

一刹惊鸿一刻生死相拥

独我偏爱你眼瞳

于万千人海中

一眼最惊鸿

","情之所起，始于惊鸿，心之所动



人生长恨水长东



仅有梦里三千岁月可重逢



愿你此生，从来珍重，圆满如梦",2020/6/13,封茗寰
16,想成为你的白月,想成为你的白月,"想成为你的白月光 - 封茗寰/KBShinya

词：封茗寰

曲：封茗寰

配文：封茗寰

演唱/和声：封茗寰/KBShinya

编曲：闹闹

混音：珊瑚

曲绘：梅宫小厨

PV：灯灯

监制：千月兔

寰：

看不清他模样

泪水开始酝酿

到底什么情况

我不知道

你看看我怎么样

让我坦白来讲

没什么目标

就想成为你的白月光

KB：

猜不透她所想

情绪总被影响

到底为何这样

我不知道

我想想如何微笑

才最真实明朗

仔细去回想

干嘛委屈自己变这样

寰：

说来可笑我肯定会难受

想努力洒脱不会很落魄

他却说没有不懂不痛不会难受

其实真的与众不同

KB：

就像是你不轻易间透露出的兴趣

我也会默默地记在心里改变自己

寰：

曾脑海里 都是你

日常话语围绕你

全被你占据 全被你占据

KB：

别再让那些烦恼继续拨动你心绪

别再强迫着迎合活的不再像自己

寰：

从现在起 不再提

还不如放松心情

请别再犹豫 请别再忧郁

KB：

想读懂她所想

心绪也被影响

到底什么情况

我不知道

寰：

你看看我怎么样

让我坦白来讲

没什么目标

就想成为你的白月光

KB：

其实也曾猜想

我总是在仰望

你对我多重要

我不知道

寰：

离开你会怎么样

如果理智的想

没太大影响

我也能继续发光发亮

KB：

说来可笑我肯定会难受

想努力洒脱不会很落魄

她却说没有不懂不痛不会难受

其实真的与众不同

寰：

就像是你不轻易间透露出的兴趣

我也会默默地记在心里改变自己

KB：

曾脑海里 都是你

日常话语围绕你

合：

全被你占据 全被你占据

寰：

别再让那些烦恼继续拨动你心绪

别再强迫着迎合活的不再像自己

KB：

从现在起 不再提

还不如放松心情

合：

请别再犹豫 请别再忧郁

","―― 男孩：



“我想告诉你，你是我的白月光，可这样自卑的我，没有去勇气靠近，如此美好的你”



被很多帅气的男孩追求过，却从来没有心动的感觉



这么说一定是十分臭屁的，



但是女孩的确是这样一种情况



而那个男孩，不是很亮眼，总是沉默寡言，安安静静的。



可仔细去看，却是让人感到很舒适的存在。



他有在悄悄地关注着她，



当一些小麻烦出现时，



男孩会装作不经意般，默默地帮助她解决，



而这些小细节，女孩其实都看在眼里。



他是不善表达的，十分内向的类型，



却一直在为她付出，守护着她。



终于有一天，后知后觉的女孩发现



她开始时不时将这个男孩的名字挂在嘴边，



会和身边的朋友聊起他，



会开始关注着他的喜爱和兴趣，记在心里



就这样一点点，被他占据着心绪



那是一份，可以确定的喜爱，



令人心跳加速的感觉。



男孩是喜欢独自思考和承受的个性，



显得十分孤僻



但女孩希望有一天，



自己可以成为他的例外，



成为照亮他心中的那缕光。



在确定这份心意后，



她逐渐开始改变着自己，变得更加开朗，向他靠近



总在鼓励着男孩，并且期待着



有一天，他能够鼓足勇气，向自己表达出心中所想



不再对她，也只是沉默以待。



―― 女孩：



“我想要知道，他心中所想。我想要，",2020/5/30,封茗寰 / KBShinya
17,不羡仙,不羡仙,"不羡仙 - 封茗寰 (Mandy Sa)

词：临暮

曲：城执

编曲：锦苓

策划：沐予

后期：Wuli包子

题字：越千糖

曲绘：三原

PV：糖甜甜

美工：择有汜

出品：此间不语制作组

（未经许可,不得翻唱或使用）

不钦羡神仙

反正同住在山的里面

莺歌连绵 草色接天

邀春色入宴

晨雾朝露 石溪清且闲

请你来品鉴 这盏人间

风捎来了牧笛声

一场细雨 捎来一片春天

白鹭鸶 在山前

一扇翅就飞进了诗篇

桃花才刚探出两三点

就已红得惹人怜

于是诗情蔓延 孩子视线

有隐者 把长剑 铸成了犁

开荒于南边

往事已 酿成酒

斟一碗青山酣畅下咽

江湖夜雨十余年

今为谁解甲归田

万水千山都看遍

最怜还是这炊烟

不钦羡神仙

反正同住在山的里面

莺歌连绵 草色接天

邀春色入宴

晨雾朝露 石溪清且闲

请你来品鉴

这盏人间

几只南回的老燕

安静落在 那老翁的画卷

牛背上 小牧童

背诵着先生教的七言

而路上的梨花有一片

轻盈落在他的肩

悄然的送来 尘世蹁跹

青箬笠 绿蓑衣

白须老人 垂钓在河边

同对面 的老友

闲谈着流寇或是圣贤

也不必引经据典

只为一时的消遣

说到了动情之处

都顾不上提鱼线

不钦羡神仙

反正同住在山的里面

莺歌连绵 草色接天

邀春色入宴

晨雾朝露 石溪清且闲

请你来品鉴 这盏人间

","趁你不注意就开唱系列



不羡仙



-此间不语制作组-出品



策划：沐予



作词：临暮



作曲：城执



编曲：锦苓



歌手：封茗寰



后期：Wuli包子



题字：越千糖



曲绘：三原



PV：糖甜甜



美工：择有汜",2020/3/21,封茗寰
18,芳华慢,芳华慢,"芳华慢 - 封茗寰 (Mandy Sa)

词：千月兔

曲：甘璐

编曲：潇梦临

和声：殇小谨

曲绘：若木

摄影：王佐

美工：Els

枕上鸳鸯睡红莲 叙几个当年

身外满风月 姑娘桃花映面

孤枕某夜笛声绕长街

错待这岁月

提灯春秋间 年年拾得落叶

是故人走远 尘埃染了绣鞋

未察觉难熬的是从前

离别以何物妆点

谁又寒窗苦读了十年

殿上中得状元

辜负谁家小姐

与新人月下比肩

经年已去尝一杯烫喉的酒

消红尘的愁

窗外红梅落雪以青丝换白首

何时步履蹒跚登上重楼

风中一回眸

任凭数个年少不知愁

提灯春秋间 年年拾得落叶

是故人走远 尘埃染了绣鞋

原来难熬的应是从前

离别以相思妆点

谁又寒窗苦读了十年

殿上中得状元

辜负谁家小姐 与新人月下比肩

经年已去尝一杯烫喉的酒

消红尘的愁

窗外红梅落雪以青丝换白首

何时步履蹒跚登上重楼

风中一回眸

任凭数个年少不知愁

又逢江山酩酊湿了红袖

结胭脂的扣

有人一句等候换你一生温柔

一瞬芳华难求

尘埃逐水只好旧地重游

长夜几个未眠君知否

",漫画人设×古风写真，完美结合！,2018/11/24,封茗寰
19,白露,白露（节气物语系列）,"白露 (节气物语系列) - 封茗寰 (Mandy Sa)

词：举烛-明昼

曲：桑葚上的猴子

编曲：一堆拼音

秋夜微凉是露珠叶上

行路的人莫忘添衣裳

归家路走得太长

所幸有你在身旁

一盏橘光剪烛话西窗

心绪万千对望到天亮

蒹葭何苍苍 白露怎为霜

最暖是有你的故乡

明月照书案 听寒蝉

肩上添衣衫

并肩看窗外星火灿

秋露沾花瓣 幽香散

舌尖桂圆甘

灯下寂然 只剩你声声轻慢

举杯一盅露水混佳酿

秋寒难凉你脸颊微烫

醉意朦胧旧时光

伏案呢喃情短长

夜色将散天边泛微光

情语未尽恨这夜不长

曾在水一方 今枕藉身旁

最暖是有你的故乡

风过走檐环 月色婉

举首望星汉

雨止轻落湖涟漪散

几盏明灯燃 尽向晚

蝉寂剩梦喃

烛火燃烬 却把情话说不完

哒哒哒哒呼呼呼啦啦啦

门前旧桂花又纷沓

哒哒哒呼呼呼啦啦啦

枝头寒鸦今也归家

风过走檐环 月色婉

举首望星汉

雨止轻落湖涟漪散

几盏明灯燃 尽向晚

蝉寂剩梦喃

烛火冉冉 只剩你声声轻慢

",本是慵懒少女音，戏腔一出，却惊艳了不止岁月。,2018/9/25,封茗寰
20,伞下铭,伞下铭,"伞下铭 - 封茗寰 (Mandy Sa)/洛少爷

词：南棠

曲：著小生

像是山峦青苔

层叠春风肆意透过尘埃

追寻苍穹寺影

目光中笃定

在心口栽满期冀

恭听庄严佛音

晨钟暮鼓

轻抚过人间朝夕

字句清规戒律

必执守虔诚奉行

阿弥陀佛

双手合十着低吟

看她

诚恳躬身拜地

方丈无奈拂衣

不见她

眼中氤氲一行春雨

破晓之前执拗独行

行入深山忽逢险境

抖落下一身人间凉薄意

追寻足迹

大殿前古佛伴灯影

风雨晦暝

依稀可见无畏黄莺

只身飞入丛林

恍若

韶华辗转却在肩头搁浅

伞下方寸间

就足以勾勒尘寰穹宇楼阙

凝眸一眼

似清风在掌心盘旋

化为岚烟

盛漫天春意正酽酽

俯身春雨沾衣

脉搏随雨滴淌过你背脊

举目不过千里

愿为无穷尽

遍眼处尽是禅衣

伞骨上镌刻姓名

满袖檀香

携流云点染山径

侧听溪水潺潺

眼底载星辰浩瀚

穿越山巅古刹到驿口桥边

晚风

悄在耳畔呢喃

披蓑莞尔回望

身后杏色裙摆静融入斜阳

今日再闻钟鸣耳边

仍只身却与剑并肩

独立踌躇寺前故人执伞

终是归还

缓缓躬身合掌礼念

目光悠远

像是透过刻痕重叠

瞥见一缕流年

恍若

韶华辗转却在肩头搁浅

伞下方寸间

就足以勾勒尘寰穹宇楼阙

凝眸一眼

似清风在掌心盘旋

化为岚烟

盛漫天春意正酽酽

恍若韶华辗转却在肩头搁浅

伞下方寸间

就足以勾勒尘寰穹宇楼阙

凝眸一眼

似清风在掌心盘旋

化为岚烟

盛漫天春意正酽酽

",这一次寰化身江南小镇中，被竹马辜负的小青梅！,2018/7/24,封茗寰
21,高阶萌妹成长指南,高阶萌妹成长指南,"作词 : Hanser



作词 卦者那啥子`L



作曲 卦者那啥子`L



出品：网易青云LAB



雪莉：有人在吗？



神乐：他们有事出去了，你有什么困扰呢？万事屋神乐为您服务阿鲁！



雪莉：作为一个ssr，却被大家说点击就送，我也太卑微了！怎样才能让我更有魅力，更受欢迎呢！



神乐：没问题阿鲁！全都交给我吧！



Verse1：



好好学习 萌妹教学的第一课



以下 我讲的所有话请务必记得



快掏出笔记 我要公开秘密



等你烂熟心底 再来尽情感激我



首先见到他人一定要有礼貌



用一发火球 作为欢迎的礼炮



打败敌人后 要说一声对不起



你的队友 就交给我 会处理



萌妹要会卖萌 要有可爱的尾音



就像这样阿鲁 没关系 不要灰心



不要使用武力 打架实在太痛了



干脆全部吃掉 说声“我开动了”！



我们一定要矜持 不能随便就承诺



吟唱之前研究一下 咒语的平仄



不要心急 听村民讲述事情的经过



为了万无一失最好知道敌人的星座







Hook：



让我们成为萌妹 萌妹 萌妹 萌妹



就跟着我学 做得更为卓越



让我们成为萌妹 萌妹 萌妹 萌妹



我最为特别 这不是错觉



让我们成为萌妹 萌妹 萌妹 萌妹



就跟着我学 感情更为热烈



让我们成为萌妹 萌妹 萌妹 萌妹



我最为特别 这不是错觉







Verse2:



先别觉得自己会了 和我道别



理论结束 现在进入实践教学



新八唧 麻烦一下 请你先过来



好了 用一分钟 让他觉得你很可爱



首先打招呼 和他把关系搞好



这个时候千万不要放他逃跑



地面太吵 需要将他抛上天空



万米高空的微风 将他心房牵动



介绍一下我的宠物名字叫定春



萌妹一定要有爱护动物的灵魂



新八 它很喜欢你 你知不知道



快点把头移开 小心别被它吃掉



看他已经开心到说不出话



作为萌妹 我们必是无比的成功



可爱的我们如同一幅画



学习了一切的你现在是如此的正宗







Hook：



让我们成为萌妹 萌妹 萌妹 萌妹



就跟着我学 做得更为卓越



让我们成为萌妹 萌妹 萌妹 萌妹



我最为特别 这不是错觉



让我们成为萌妹 萌妹 萌妹 萌妹



就跟着我学 感情更为热烈



让我们成为萌妹 萌妹 萌妹 萌妹



我最为特别 这不是错觉



神乐：这些你都学会了嘛，哎，你要去哪阿鲁！不许开溜！



雪莉：老师信息量太大了，让我消化一下！



神乐：那进行一下随堂测验，你回答一下神乐哪里最可爱？



雪莉：纳尼纳尼？



神乐：不知道了吧！那就不要走神听好阿鲁！







Verse3：



大大眼睛（可爱）丸子头（可爱）



我的青春活力没有什么能够掩盖



夜兔一族（可爱）油纸伞（可爱）



世界有了我 就多了一种色彩



其实最重要的请你做你自己



保留最真实的那一面才是你



喜欢章鱼烧 棉花糖 又爱零食



我们简直就是萌妹的代名词







Hook：



让我们成为萌妹 萌妹 萌妹 萌妹



就跟着我学 做得更为卓越



让我们成为萌妹 萌妹 萌妹 萌妹



我最为特别 这不是错觉



让我们成为萌妹 萌妹 萌妹 萌妹



就跟着我学 感情更为热烈



让我们成为萌妹 萌妹 萌妹 萌妹



我最为特别 这不是错觉



让我们成为萌妹 萌妹 萌妹 萌妹



就跟着我学 做得更为卓越



让我们成为萌妹 萌妹 萌妹 萌妹



我最为特别 这不是错觉



让我们成为萌妹 萌妹 萌妹 萌妹



就跟着我学 感情更为热烈



让我们成为萌妹 萌妹 萌妹 萌妹



我最为特别 这不是错觉



神乐：……她很满意地走了！我今天帮一个女孩解决了大麻烦阿鲁！



新八：你都做了些什么呀！趁她没走远，快去追啊！



编曲 DBRT



混音 白茶_joe



和声 临暗iZumi



制作人 依溪禾



音乐制作 一只岁碎



音乐监督 CARDINAL星海



策划 叁



曲绘 帕里



配音 hanser 锤耳兔 狐狸 阿醒



视频 发条 长夜无眠秉烛游



协力 绯叶明依 Ouppe



制作 联合麦田



策划 音喵工场",她在梦醒时哭笑，在长街外寻着笛声，回忆着点滴朝暮，以一头青丝等到白发苍苍。,2022/7/8,hanser
22,天外来物,天外来物,"作词 : 薛之谦

作曲 : 罗小黑

编曲 : 周以力

制作人 : 周以力/郑伟

你降落的 太突然了

我刚好呢 又路过了

机会难得 又主观觉得

想明抢 又碰不得

你带来了 我的快乐

让这世界 有点颜色

我好想指责 你太随意了

宝物该有人捧着 你是不是我的

你像 天外来物一样 求之不得

你在世俗里的名字 不重要了

正好 我隐藏的人格是锲而不舍

直到蜂拥而至的人都透明了

我在 不近又不远处

用明天换你 靠近我

你占领了 我的快乐

和这世界 已没有瓜葛

任事物干渴 都褪去颜色

只有你是天蓝色 我开始找你了

会像 天外来物一样 失而复得

你在世俗里的名字 被人用了

反正 我隐藏的人格是锲而不舍

直到蜂拥而至的人都透明了

我在 不近又不远处

用明天换你 靠近我

你就像 天外来物一样 求之不得

我在世俗里的描写被取笑了

反正我隐藏的人格是非你不可

直到别有用心的人都透明了

我在 不近又不远处

用明天换你 靠近我

吉他 : 张淞

大提琴 : 郎莹

鼓 : 褚伟明

贝斯 : 努而德柯

人声录音 : 郑伟 夏之炜 吴身宝

人声编辑 : 郑伟

人声录音室 : 上海广播大厦200studio

乐器录音棚 : soundhub studio

混音 : 全相彦

母带 : 全相彦",但愿听到这首歌的人，能在最美好的年岁遇到喜欢的人。,2020/12/31,薛之谦
23,丑八怪,意外,"作词：甘世佳 作曲：李荣浩



　　演唱：薛之谦



　　如果世界漆黑 其实我很美



　　在爱情里面进退 最多被消费



　　无关痛痒的是非



　　又怎么不对 无所谓



　　如果像你一样 总有人赞美



　　围绕着我的卑微 也许能消退



　　其实我并不在意 有很多机会



　　像巨人一样的无畏



　　放纵我心里的鬼



　　可是我不配



　　丑八怪 能否别把灯打开



　　我要的爱 出没在漆黑一片的舞台



　　丑八怪 在这暧昧的.时代



　　我的存在 像意外



　　有人用一滴泪 会红颜祸水



　　有人丢掉称谓 什么也不会



　　只要你足够虚伪



　　就不怕魔鬼 对不对



　　如果剧本写好 谁比谁高贵



　　我只能沉默以对 美丽本无罪



　　当欲望开始贪杯 有更多机会



　　像尘埃一样的无畏



　　化成灰谁认得谁管他配不配



　　丑八怪 能否别把灯打开



　　我要的爱 出没在漆黑一片的舞台



　　丑八怪 在这暧昧的时代



　　我的存在 不意外



　　丑八怪 其实见多就不怪



　　放肆去high 用力踩



　　那不堪一击的洁白



　　丑八怪 这是我们的时代



　　我不存在 才意外",芳华慢慢，情却值得。,2013/10/17,薛之谦
24,意外,意外,"作词 : 杨子朴

作曲 : 杨子朴

我在清晨的路上

谁被我遗忘

我在深夜里旅行

谁被我遗忘

肩上的破旧行囊

能收藏多少坚强

不如全身赤裸

还给我那脆弱

明知这是一场意外

你要不要来

明知这是一场重伤害

你会不会来

当疯狂慢慢从爱情离开

还有什么你值得感慨

如果风景早已都不存在

我想我谁都不爱 都不爱

我在清晨的路上

谁被我遗忘

我在深夜里旅行

谁被我遗忘

肩上的破旧行囊

能收藏多少坚强

不如全身赤裸

还给我那脆弱

明知这是一场意外

你要不要来

明知这是一场重伤害

你会不会来

当疯狂慢慢从爱情离开

还有什么你值得感慨

如果风景早已都不存在

我想我谁都不爱

明知这是一场意外

你要不要来

明知这是一场重伤害

你会不会来

当疯狂慢慢从爱情离开

还有什么你值得感慨

如果风景早已都不存在

我想我谁都不爱

谁都不爱","作词 : 杨子朴

作曲 : 杨子朴",2013/10/24,薛之谦
25,你还要我怎样,意外,"填 词：薛之谦



谱 曲：薛之谦



歌曲原唱：薛之谦



你停在了这条我们熟悉的街



把你准备好的台词全念一遍



我还在逞强 ，说着谎



也没能力遮挡 ，你去的方向



至少分开的时候我落落大方



我后来都会选择绕过那条街



又多希望在另一条街能遇见



思念在逞强 ，不肯忘



怪我没能力跟随， 你去的方向



若越爱越被动， 越要落落大方



你还要我怎样 ，要怎样



你突然来的短信就够我悲伤

我没能力遗忘 ，你不用提醒我



哪怕结局就这样



我还能怎样， 能怎样



最后还不是落得情人的立场



你从来不会想 ，我何必这样



我慢慢地回到自己的生活圈



也开始可以接触新的人选



爱你到最后， 不痛不痒



留言在计较， 谁爱过一场



我剩下一张， 没后悔的模样



你还要我怎样， 要怎样



你千万不要在我婚礼的现场



我听完你爱的歌 ，就上了车



爱过你很值得



我不要你怎样， 没怎样



我陪你走的路你不能忘



因为那是我 ，最快乐的时光



后来我的生活还算理想



没为你落到孤单的下场



有一天晚上， 梦一场



你白发苍苍， 说带我流浪



我还是没犹豫 ，就随你去天堂



不管能怎样， 我能陪你到天亮","填 词：薛之谦



谱 曲：薛之谦



歌曲原唱：薛之谦",2013/11/11,薛之谦
26,方圆几里,意外,"作词 : 薛之谦

作曲 : 薛之谦

感觉很诚恳是好事

不需要发誓 那么幼稚

本以为可以 就这样随你

反正我也无处可去

我怕太负责任的人

因为他随时会牺牲

爱不爱都可以 我怎样都依你

连借口 我都帮你寻

与其在你不要的世界里

不如痛快把你忘记

这道理谁都懂说容易 爱透了还要嘴硬

我宁愿 留在你方圆几里

我的心 要不回就送你

因为我爱你 和你没关系

感觉会压抑的样子

勉强也没什么意思

我不算很自私 也越来越懂事

爱你只是我的事

与其在你不要的世界里

不如痛快把你忘记

这道理谁都懂说容易 爱透了还要嘴硬

我宁愿 留在你方圆几里

至少能感受你的悲喜

在你需要我的时候 就能陪你

我在你 不要的世界里

何苦不找个人来代替

可惜我 谁劝都不听

我宁愿 留在你方圆几里

我的心 要不回就送你

爱不爱都可以 我怎样都依你

因为我爱你 和你没关系

我的爱 扩散在方圆几里

近的能 听见你的呼吸

只要你转身 我就在这里","作词 : 薛之谦

作曲 : 薛之谦",2012/12/27,薛之谦
27,最伟大的作品,最伟大的作品,"词：黄俊郎 A-Lang/谢迪 Di Xie



曲：周杰伦 Jay Chou



哥穿着复古西装



拿着手杖 弹着魔法乐章



漫步走在 莎玛丽丹



被岁月 翻新的时光



望不到边界的帝国



用音符筑成的王座



我用琴键穿梭 1920错过的不朽



啊 偏执是那马格利特



被我变出的苹果



超现实的是我



还是他原本想画的小丑



不是烟斗的烟斗



脸上的鸽子没有飞走



请你记得



他是个画家不是什么调酒



达利翘胡是谁给他的思索



弯了汤匙借你灵感不用还我



融化的是墙上时钟还是乳酪



龙虾电话那头你都不回我



浪荡是世俗画作里最自由不拘的水墨



花都优雅的双腿是这宇宙笔下的一抹



飘洋过海的乡愁种在一无所有的温柔



寂寞的枝头才能长出 常玉要的花朵



小船静静往返



马谛斯的海岸



星空下的夜晚



交给梵谷点燃



梦美的太短暂



孟克桥上呐喊



这世上的热闹



出自孤单



花园流淌的阳光



空气摇晃着花香



我请莫内帮个忙



能不能来张自画像



大师眺望着远方



研究色彩的形状



突然回头要我说说



我对我自己的印象



世代的狂



音乐的王



万物臣服在我乐章



路还在闯



我还在创



指尖的旋律在渴望



世代的狂



音乐的王



我想我不需要画框



它框不住



琴键的速度



我的音符



全部是未来艺术



日出在印象的港口来回



光线唤醒了睡着的花叶



草地正为一场小雨欢悦



我们彼此深爱这个世界



停在康桥上的那只蝴蝶



飞往午夜河畔的翡冷翠



遗憾被偶然藏在了诗页



是微笑都透不进的世界



巴黎的鳞爪



感伤的文法



要用音乐翻阅



晚风的灯下



旅人的花茶



我换成了咖啡



之后他就



爱上了苦涩这个复杂词汇



因为这才是挥手



向云彩道别的滋味



小船静静往返



马谛斯的海岸



星空下的夜晚



交给梵谷点燃



梦美的太短暂



孟克桥上呐喊



这世上的热闹



出自孤单","词：黄俊郎 A-Lang/谢迪 Di Xie



曲：周杰伦 Jay Chou",2022/7/6,周杰伦
28,还在流浪,最伟大的作品,"作词：方文山



作曲：周杰伦



老书摊 和啤酒空罐



散落地上



报废的回忆在路旁



有了锈斑



有某种无所谓



在这小镇弥漫



这个城市步调



是如此的缓慢



霓虹灯闪烁的倒影



靠在窗上



错过美好的那时光



能否再遇上



老旧的车站 空旷的车厢



怀念从前的人来人往



招牌的灯泡 在夜里微亮



过去的背包 就留在异乡



于是我决定 离开这个地方



当你收到信 我还在流浪



那年的约定 都放在心上



随身的照片里



你微笑的模样



亲爱的 你现在怎么样



当你收到信 我还在流浪



想起牵着手 走过的小巷



我依然记得



年少初吻的那教堂



还有一起画爱心的那道墙



霓虹灯闪烁的倒影



靠在窗上



错过美好的那时光



能否再遇上



老旧的车站 空旷的车厢



怀念从前的人来人往



招牌的灯泡 在夜里微亮



过去的背包 就留在异乡



于是我决定 离开这个地方



当你收到信 我还在流浪



那年的约定 都放在心上



随身的照片里



你微笑的模样



亲爱的 你现在怎么样



当你收到信 我还在流浪



想起牵着手 走过的小巷



我依然记得



年少初吻的那教堂



还有一起画爱心的那道墙



当你收到信 我还在流浪



那年的约定 都放在心上



随身的照片里



你微笑的模样



亲爱的 你现在怎么样



当你收到信 我还在流浪



想起牵着手 走过的小巷



我依然记得



年少初吻的那教堂



还有一起画爱心的那道墙","作词：方文山



作曲：周杰伦",2022/7/15,周杰伦
29,说好不哭,最伟大的作品,"词：方文山



曲：周杰伦



没有了联络 后来的生活



我都是听别人说



说你怎么了 说你怎么过



放不下的人是我



人多的时候 就待在角落



就怕别人问起我



你们怎么了 你低着头



护着我连抱怨都没有



电话开始躲 从不对我说



不习惯一个人生活



离开我以后 要我好好过



怕打扰想自由的我



都这个时候 你还在意着



别人是怎么怎么看我的



拼命解释着 不是我的错



是你要走



眼看着你难过 挽留的话却没有说



你会微笑放手 说好不哭让我走



电话开始躲 从不对我说



不习惯一个人生活



离开我以后 要我好好过



怕打扰想自由的我



都这个时候 你还在意着



别人是怎么怎么看我的



拼命解释着 不是我的错



是你要走



眼看着你难过 挽留的话却没有说



你会微笑放手 说好不哭让我走



你什么都没有 却还为我的梦加油



心疼过了多久



过了多久



还在找理由等我","词：方文山



曲：周杰伦",2019/9/16,周杰伦
30,红颜如霜,最伟大的作品,"词：方文山



曲：周杰伦



信札拆封谁为难 不过寥寥数行



娟秀字迹温柔 却感伤



你将心事 上了淡妆



该说的话 却被仔细收藏



暮色望垂杨 拱桥粼粼月光



忆往事我走笔 也阑珊



红颜如霜 凝结了过往



芦苇花开岁已寒 若霜又降路遥漫长



墙外是谁在吟唱 凤求凰



梨园台上 西皮二黄



却少了你 无人问暖



谁在彼岸 天涯一方



一句甚安勿念 你说落笔太难



窗外古l幽兰 琴声平添孤单



我墨走了几行 泪潸然落了款



思念徒留纸上 一整篇被晕染



一句甚安勿念 你说落笔太难



何故远走潇湘 你却语多委婉



走过萧瑟秋凉 等来芒草催黄



而我遥望轻轻叹



信札拆封谁为难 不过寥寥数行



娟秀字迹温柔 却感伤



你将心事 上了淡妆



该说的话 却被仔细收藏



捎来的他乡 到底隔几条江



一封信到底转了 几道弯



缘分飘落 在山外山



芦苇花开岁已寒 若霜又降路遥漫长



墙外是谁在吟唱 凤求凰



梨园台上 西皮二黄



却少了你 无人问暖



谁在彼岸 天涯一方



一句甚安勿念 你说落笔太难



窗外古l幽兰 琴声平添孤单



我墨走了几行 泪潸然落了款



思念徒留纸上 一整篇被晕染



一句甚安勿念 你说落笔太难



何故远走潇湘 你却语多委婉



走过萧瑟秋凉 等来芒草催黄



而我遥望轻轻叹



一句甚安勿念 你说落笔太难



你说落笔太难



窗外古l幽兰 琴声平添孤单



琴声平添孤单



我墨走了几行 泪潸然落了款



泪潸然落了款



思念徒留纸上 一整篇被晕染



一句甚安勿念 你说落笔太难



何故远走潇湘 你却语多委婉



走过萧瑟秋凉 等来芒草催黄



而鱼雁不再往返","词：方文山



曲：周杰伦",2022/7/15,周杰伦
31,等你下课,最伟大的作品,"作词：周杰伦



作曲：周杰伦



编曲：黄雨勋



你住的 巷子里



我租了一间公寓



为了想与你不期而遇



高中三年 我为什么



为什么不好好读书



没考上跟你一样的大学



我找了份工作



离你宿舍很近



当我开始学会做蛋饼



才发现你 不吃早餐



喔 你又擦肩而过



你耳机听什么



能不能告诉我



躺在你学校的操场看星空



教室里的灯还亮着你没走



记得 我写给你的情书



都什么年代了



到现在我还在写着



总有一天总有一年会发现



有人默默的陪在你的身边



也许 我不该在你的世界



当你收到情书



也代表我已经走远



学校旁 的广场



我在这等钟声响



等你下课一起走好吗



弹着琴 唱你爱的歌



暗恋一点都不痛苦



一点都不痛苦



痛苦的是你



根本没看我



我唱这么走心



这么走心



却走不进你心里



进你心里



在人来人往



找寻着你 守护着你



不求结局



喔



你又擦肩而过



我唱告白气球



终于你回了头



躺在你学校的操场看星空



教室里的灯还亮着你没走



记得 我写给你的情书



都什么年代了



到现在我还在写着



总有一天总有一年会发现



有人默默的陪在你的身边



也许 我不该在你的世界



当你收到情书



也代表我已经走远","作词：周杰伦



作曲：周杰伦



编曲：黄雨勋",2018/1/18,周杰伦
32,粉丝海洋,最伟大的作品,"作词：方文山



作曲：周杰伦



O.S.：



Hi 小妞 要上我车吗



嗯 我很帅喔



准备好了吗 要去兜风吗



水面上蔚蓝色的船屋



和长长的木板路



像风景插图 细细描述



旅行中的幸福



喔 你的微笑是我



欣赏世界的角度



我专注的记着



此刻甜甜的感觉



永不落幕



这岛上的公路



那微笑的袋鼠



我们一起呵护



这场爱的旅途



那告白的话说不清楚



还在月球漫步



你笑我这害羞的脸



红通通像猴子光着屁股



粉色海洋 你回头望



笑得像天空里的棉花糖



轻轻的尝 爱的模样



我们的故事像梦一样



粉色海洋 闪着夕阳



那心动的时间被你拉长



甜蜜果香 浓郁着愿望



幸福就在有你的地方



水面上蔚蓝色的船屋



和长长的木板路



像风景插图 细细描述



旅行中的幸福



喔 你的微笑是我



欣赏世界的角度



我专注的记着



此刻甜甜的感觉



永不落幕



这岛上的公路



那微笑的袋鼠



我们一起呵护



这场爱的旅途



那告白的话说不清楚



还在月球漫步



你笑我这害羞的脸



红通通像猴子光着屁股



粉色海洋 你回头望



笑得像天空里的棉花糖



轻轻的尝 爱的模样



我们的故事像梦一样



粉色海洋 闪着夕阳



那心动的时间被你拉长



甜蜜果香 浓郁着愿望



幸福就在有你的地方



粉色海洋 你回头望



笑得像天空里的棉花糖



轻轻的尝 爱的模样



我们的故事像梦一样



粉色海洋 闪着夕阳



那心动的时间被你拉长



甜蜜果香 浓郁着愿望



幸福就在有你的地方","作词：方文山



作曲：周杰伦",2022/7/15,周杰伦
33,我是如此相信,最伟大的作品,"词：方文山



曲：周杰伦



鸟群离开了森林



整座天空很灰心



蝴蝶不再被吸引



玫瑰盛开的很安静



远方的风雨不停



城市苍白而孤寂



徘徊无助的人群



焦虑着何时放晴



故事里能毁坏的只有风景



谁也摧毁不了我们的梦境



弦月旁的流星划过了天际



我许下 的愿望 该向谁 去说明



陨石在浩瀚的宇宙间旅行



璀璨的夜空里漫天的水晶



我的祷告终于有了回音



我是如此相信



在背后支撑的是你



一直与我并肩而行



仰望等太阳升起



听见鸟群回来的声音



为我守候的人是你



给了我坚定的信心



双手弹奏出黎明



原来爱如此的动听



鸟群离开了森林



整座天空很灰心



蝴蝶不再被吸引



玫瑰盛开的很安静



远方的风雨不停



城市苍白而孤寂



徘徊无助的人群



焦虑着何时放晴



故事里能毁坏的只有风景



谁也摧毁不了我们的梦境



弦月旁的流星划过了天际



我许下 的愿望 该向谁 去说明



陨石在浩瀚的宇宙间旅行



璀璨的夜空里漫天的水晶



我的祷告终于有了回音



我是如此相信



在背后支撑的是你



一直与我并肩而行



仰望等太阳升起



听见鸟群回来的声音



为我守候的人是你



给了我坚定的信心



双手弹奏出黎明



原来爱如此的动听



我是如此相信



在背后支撑的是你



一直与我并肩而行



仰望等太阳升起



听见鸟群回来的声音



为我守候的人是你



给了我坚定的信心



双手弹奏出黎明



原来爱如此的动听","词：方文山



曲：周杰伦",2019/12/15,周杰伦
34,可爱女人,Jay,"作词：徐若u



作曲：周杰伦



想要有直升机



想要和你飞到宇宙去



想要和你融化在一起



融化在银河里



我每天每天每天在想想想想着你



这样的甜蜜



让我开始相信命运



感谢地心引力



让我碰到你



漂亮的让我面红的可爱女人



温柔的让我心疼的可爱女人



聪明的让我感动的可爱女人



坏坏的让我疯狂的可爱女人



漂亮的让我面红的可爱女人



温柔的让我心疼的可爱女人



聪明的让我感动的可爱女人



坏坏的让我疯狂的可爱女人



想要有直升机



想要和你飞到宇宙去



想要和你融化在一起



融化在银河里



我每天每天每天在想想想想着你



这样的甜蜜



让我开始相信命运



感谢地心引力



让我碰到你



漂亮的让我面红的可爱女人



温柔的让我心疼的可爱女人



聪明的让我感动的可爱女人



坏坏的让我疯狂的可爱女人



漂亮的让我面红的可爱女人



温柔的让我心疼的可爱女人



聪明的让我感动的可爱女人



坏坏的让我疯狂的可爱女人



世界这样大而我而我



只是只小小小的蚂蚁



但我要尽全力全力全力保护你



漂亮的让我面红的可爱女人



温柔的让我心疼的可爱女人



聪明的让我感动的可爱女人



坏坏的让我疯狂的可爱女人



漂亮的让我面红的可爱女人



温柔的让我心疼的可爱女人



聪明的让我感动的可爱女人



坏坏的让我疯狂的可爱女人



漂亮的让我面红的可爱女人



温柔的让我心疼的可爱女人



聪明的让我感动的可爱女人



坏坏的让我疯狂的可爱女人



漂亮的让我面红的可爱女人



温柔的让我心疼的可爱女人



聪明的让我感动的","作词：徐若u



作曲：周杰伦",2000/11/7,周杰伦
35,反方向的钟,Jay,"歌曲原唱：周杰伦



填词：方文山



谱曲：周杰伦



迷迷蒙蒙，你给的梦



出现裂缝，隐隐作痛



怎么沟通你都没空，说我不懂



说了没用，他的笑容



有何不同，在你心中



我不再受宠，我的天空



是雨是风，还是彩虹



你在操纵，恨自己真的没用



情绪激动，一颗心到现在还在抽痛



还为分手前那句抱歉，在感动



穿梭时间的画面的钟，从反方向



开始移动，回到当初爱你的时空



停格内容，不忠



所有回忆对着我进攻，我的伤口



被你拆封，誓言太沉重泪被纵容



脸上汹涌，失控



城市霓虹，不安跳动



染红夜空，过去种种



像一场梦，不敢去碰



一想就痛，心碎内容



每一秒钟，都有不同



你不懂，连一句珍重



也有苦衷，也不想送



寒风中，废墟烟囱



停止转动，一切落空



在人海中，盲目跟从



别人的梦，全面放纵



恨没有用，疗伤止痛



不再感动，没有梦



痛不知轻重，泪水鲜红



全面放纵，恨自己真的没用



情绪激动，一颗心到现在还在抽痛



还为分手前那句抱歉，在感动



穿梭时间的画面的钟，从反方向



开始移动，回到当初爱你的时空","歌曲原唱：周杰伦



填词：方文山



谱曲：周杰伦",2000/11/7,周杰伦
36,爱在西元前,范特西,"作词：方文山



作曲：周杰伦



古巴比伦王颁布了



汉谟拉比法典



刻在黑色的玄武岩



距今已经三千七百多年



你在橱窗前凝视碑文的字眼



我却在旁静静欣赏



你那张我深爱的脸



祭司神殿征战弓箭



是谁的从前



喜欢在人潮中你



只属于我的那画面



经过苏美女神身边



我以女神之名许愿



思念像底格里斯河般的蔓延



当古文明只剩下难解的语言



传说就成了永垂不朽的诗篇



我给你的爱写在西元前



深埋在美索不达米亚平原



几十个世纪后出土发现



泥板上的字迹依然清晰可见



我给你的爱写在西元前



深埋在美索不达米亚平原



用楔形文字刻下了永远



那已风化千年的誓言



一切又重演



祭司神殿征战弓箭



是谁的从前



喜欢在人潮中你



只属于我的那画面



经过苏美女神身边



我以女神之名许愿



思念像底格里斯河般的漫延



当古文明只剩下难解的语言



传说就成了永垂不朽的诗篇



我给你的爱写在西元前



深埋在美索不达米亚平原



几十个世纪后出土发现



泥板上的字迹依然清晰可见



我给你的爱写在西元前



深埋在美索不达米亚平原



用楔形文字刻下了永远



那已风化千年的誓言



我感到很疲倦



离家乡还是很远



害怕再也不能回到你身边



我给你的爱写在西元前



深埋在美索不达米亚平原



几十个世纪后出土发现



泥板上的字迹依然清晰可见



我给你的爱写在西元前



深埋在美索不达米亚平原



用楔形文字刻下了永远



那已风化千年的誓言



爱在西元前



爱在西元前","作词：方文山



作曲：周杰伦",2001/9/14,周杰伦
